pdb_pos,pdb_chain,aa_orig,aa_pred,pdb_posins,perplexity,A,C,D,E,F,G,H,I,K,L,M,N,P,Q,R,S,T,V,W,Y
2,D,V,M,2,1.5045,-5.3593,-6.9546,-6.0331,-6.3273,-6.4623,-5.0187,-6.3489,-5.5917,-6.6984,-6.1718,-0.0668,-6.1982,-5.0348,-6.5256,-6.2829,-5.1967,-5.2776,-4.2807,-7.6962,-6.9092
3,D,Q,Q,3,2.4437,-6.6192,-9.3162,-5.7361,-3.3187,-7.5949,-7.5429,-4.2902,-7.1685,-4.0872,-3.3155,-5.8614,-4.8453,-11.0910,-0.2160,-4.5012,-5.9725,-5.3598,-2.8987,-9.4354,-7.4730
4,D,L,L,4,1.0044,-15.5685,-13.2123,-18.2668,-12.1421,-10.8054,-15.3780,-15.5057,-10.5924,-14.8166,-0.0005,-7.9160,-16.1991,-16.4545,-12.8497,-14.6869,-17.0130,-18.2117,-10.2922,-14.0580,-14.8577
5,D,V,V,5,1.2774,-8.5672,-13.5701,-11.4423,-8.4423,-11.1062,-12.6776,-11.2749,-7.4544,-9.9167,-2.8429,-7.8008,-11.1917,-18.4627,-6.8810,-10.7997,-11.6448,-9.4911,-0.0628,-13.5153,-12.7624
6,D,E,E,6,1.0193,-9.5482,-13.0433,-7.9647,-0.0024,-18.2900,-9.4783,-13.8038,-15.9706,-11.7763,-12.6261,-14.2351,-13.1433,-11.7249,-6.2693,-13.0825,-11.7615,-11.8948,-11.2561,-16.7729,-18.3002
7,D,S,S,7,1.0116,-9.4864,-10.9432,-11.4893,-13.3290,-8.3314,-7.9916,-10.4041,-15.2959,-11.4091,-12.0944,-13.5776,-10.2586,-16.4162,-12.1422,-8.9761,-0.0012,-8.9410,-14.2812,-10.3904,-9.0820
8,D,G,G,8,1.0051,-10.0749,-13.8204,-9.5806,-8.3263,-15.0139,-0.0005,-14.2184,-14.3390,-11.0675,-12.8159,-14.9991,-12.4841,-17.3413,-11.4671,-9.2645,-12.1040,-13.6885,-11.5433,-14.8830,-15.0539
9,D,G,G,9,1.0000,-15.2565,-18.0000,-15.9187,-15.5360,-19.6154,-0.0000,-21.3348,-20.8985,-17.6643,-17.6178,-21.6352,-19.5363,-20.1732,-18.7326,-13.2519,-15.9755,-18.2118,-17.0751,-18.9268,-21.3009
11,D,G,G,11,1.0008,-13.4194,-15.5707,-10.7387,-12.2220,-13.5413,-0.0001,-16.2283,-15.2513,-14.4649,-12.4218,-15.9682,-15.1333,-17.2627,-14.8712,-10.6052,-12.7989,-14.3077,-12.3886,-15.0672,-15.3226
12,D,L,L,12,1.0465,-10.8059,-13.7067,-12.7938,-12.7886,-8.1221,-12.7987,-12.3544,-9.6467,-11.6477,-0.0071,-9.0358,-12.6962,-9.4553,-10.9575,-10.6571,-11.4728,-11.2213,-5.0572,-12.7633,-11.4260
13,D,V,V,13,1.7678,-4.0258,-8.1510,-8.8806,-5.6872,-7.7368,-8.6297,-9.9238,-2.6671,-5.1075,-4.9686,-4.9492,-8.2430,-13.2742,-6.5363,-5.8354,-6.1491,-5.3247,-0.1319,-12.8442,-10.0779
14,D,Q,K,14,2.6930,-8.3009,-12.6416,-15.3339,-7.8800,-12.3942,-14.1870,-8.3569,-11.2230,-0.8019,-9.0420,-8.6326,-10.1724,-11.6646,-0.8273,-2.2001,-8.3289,-6.2714,-8.8877,-13.5280,-11.6614
15,D,P,P,15,1.0059,-8.0814,-14.6308,-14.7727,-13.6100,-15.1505,-12.7742,-15.0026,-13.5256,-13.9949,-10.0449,-14.4664,-14.9808,-0.0006,-12.6078,-12.2256,-8.6289,-10.5393,-10.5647,-16.9926,-16.4176
16,D,G,G,16,1.0242,-9.3717,-14.2827,-10.5558,-8.3620,-15.1365,-0.0030,-12.2067,-16.1203,-6.4827,-12.1685,-13.1597,-11.6402,-15.5324,-10.4219,-6.9720,-9.8335,-10.9014,-11.8248,-11.8832,-14.9947
17,D,G,G,17,1.0083,-12.1296,-15.2007,-13.8869,-12.9216,-18.5966,-0.0010,-14.3037,-17.6641,-10.5091,-15.8530,-15.7050,-13.0763,-18.4210,-13.3644,-6.9450,-12.5525,-14.4703,-15.8085,-16.8434,-18.3726
18,D,S,S,18,1.0351,-6.3918,-12.5101,-12.1256,-10.4060,-8.8518,-8.3306,-10.4747,-16.3079,-8.7594,-9.0327,-9.8293,-11.3489,-11.7579,-8.5632,-6.4804,-0.0043,-9.7507,-15.3611,-11.7273,-12.3707
19,D,L,L,19,1.0908,-9.3589,-12.5841,-11.9896,-8.9382,-11.6330,-15.3376,-10.3756,-9.6900,-7.4822,-0.0145,-7.2065,-10.8452,-10.8810,-7.6255,-4.4321,-9.4025,-10.3803,-8.3469,-13.5684,-13.6995
20,D,R,R,20,1.1709,-8.0768,-11.9151,-9.6693,-8.5891,-8.7717,-9.9923,-7.8324,-12.6891,-3.7945,-8.5096,-10.1810,-8.6005,-14.0461,-7.9025,-0.0294,-5.6984,-6.8677,-9.9977,-10.4430,-9.9155
21,D,L,L,21,1.0004,-17.1912,-18.2188,-22.0479,-18.9441,-11.9332,-19.2797,-17.7583,-11.4206,-18.6616,-0.0000,-11.6823,-18.9387,-18.4595,-16.5269,-17.1435,-17.1448,-20.0760,-12.4205,-15.3296,-17.8175
22,D,S,S,22,1.0458,-7.1894,-10.5075,-10.3479,-9.4387,-10.8639,-10.1798,-11.6904,-9.9057,-10.1748,-11.6610,-12.0548,-8.7267,-12.6734,-10.4903,-9.3980,-0.0064,-5.3311,-8.6775,-13.5562,-11.7672
23,D,C,C,23,1.0074,-7.3088,-0.0008,-15.8927,-13.6381,-17.8241,-12.4675,-18.2465,-14.4740,-19.4752,-15.0589,-15.5854,-16.2225,-18.9914,-16.4458,-16.1836,-11.5396,-9.2555,-9.8398,-15.6122,-20.4208
24,D,A,A,24,1.2890,-0.0484,-11.3034,-9.0646,-7.4259,-11.0142,-5.8352,-10.1816,-9.5835,-9.3235,-8.4114,-11.9844,-9.7528,-12.5793,-9.8195,-8.3537,-4.9242,-4.3330,-3.7984,-11.3296,-12.4602
25,D,A,A,25,1.0153,-0.0017,-10.9393,-13.2799,-12.7651,-13.9294,-8.0115,-17.4962,-14.7417,-16.0531,-12.5402,-11.5508,-14.0509,-14.4759,-16.3343,-12.9358,-8.9697,-7.2007,-7.6070,-16.4850,-17.7880
26,D,S,S,26,1.0034,-9.0726,-13.9135,-11.2645,-15.3289,-11.3447,-9.4138,-13.3087,-16.6014,-13.6697,-14.1399,-16.2666,-10.9745,-17.0398,-14.1808,-10.2885,-0.0003,-11.1644,-15.3246,-11.7625,-11.8756
27,D,G,G,27,1.0008,-13.6104,-16.6752,-11.3798,-10.3105,-17.4367,-0.0001,-15.3891,-17.4196,-13.0022,-15.2194,-17.5239,-14.0656,-20.1684,-13.2221,-11.1109,-14.0319,-16.2434,-14.8512,-16.7456,-16.8306
28,D,F,F,28,1.0165,-17.4689,-15.5979,-14.8774,-17.7619,-0.0023,-17.3165,-12.7663,-13.0472,-17.8450,-10.9663,-14.4205,-15.9289,-18.8254,-18.5515,-16.4842,-15.0268,-16.3536,-13.6113,-12.7143,-6.0976
29,D,T,T,29,1.4333,-5.1575,-12.7374,-6.3601,-7.2882,-9.7278,-8.1447,-9.4086,-4.3911,-7.1093,-8.0580,-7.6220,-4.1150,-5.3932,-8.9976,-6.5010,-4.0107,-0.0663,-7.1029,-11.8320,-9.3513
30,D,F,F,30,1.0048,-14.1604,-15.4718,-18.4002,-19.3767,-0.0005,-18.6445,-12.6333,-13.6333,-19.9245,-12.9559,-14.0055,-17.9461,-14.4525,-18.3745,-19.2290,-14.6581,-14.9134,-10.4567,-13.3549,-7.5938
35,D,S,S,35,1.3910,-6.4259,-9.7637,-5.9888,-7.6963,-8.3645,-4.9037,-5.7736,-9.0947,-5.5444,-9.3780,-9.6077,-5.0393,-8.8750,-7.8219,-3.3704,-0.0639,-8.2235,-10.5306,-10.1207,-7.4317
36,D,S,S,36,4.7672,-5.3708,-8.9960,-2.3527,-5.1210,-6.6462,-5.2185,-5.4827,-4.7815,-5.2405,-6.5241,-7.2953,-1.7345,-7.4024,-6.2260,-2.8609,-0.6582,-2.3512,-5.1280,-6.8370,-4.4971
37,D,D,Y,37,1.2970,-10.1226,-8.8787,-8.1871,-9.4214,-3.8467,-13.8891,-4.0871,-13.3411,-8.0580,-9.6631,-12.0511,-4.8856,-16.3128,-8.5452,-9.7621,-6.2951,-9.5529,-11.7345,-8.3274,-0.0503
38,D,G,G,38,2.8279,-1.2202,-8.0114,-5.0234,-6.8197,-9.0075,-0.5287,-7.0552,-9.4050,-8.9134,-8.6026,-9.3254,-5.5729,-5.1745,-8.5946,-7.1443,-2.4226,-5.4521,-8.5789,-7.4665,-6.3350
39,D,M,M,39,1.0103,-13.2377,-14.3677,-16.3024,-13.0861,-8.2981,-19.0988,-12.3603,-9.0697,-13.9286,-7.3181,-0.0011,-12.5320,-21.6368,-10.1517,-15.5814,-13.9412,-13.7086,-10.7149,-10.5021,-14.2063
40,D,S,S,40,2.1113,-1.7365,-7.4506,-7.1082,-7.8952,-12.5267,-5.3641,-4.5690,-9.4826,-10.6781,-10.1018,-9.6744,-4.8195,-14.9202,-6.5895,-10.1892,-0.2630,-3.5636,-8.1753,-14.1043,-12.7266
41,D,W,W,41,1.0003,-15.5222,-13.3512,-15.7935,-14.8046,-12.7769,-15.6148,-13.7171,-14.1423,-16.8885,-11.9280,-13.9302,-14.9186,-19.5650,-15.4579,-12.0359,-15.8605,-15.7833,-12.5710,-0.0000,-15.5119
42,D,V,V,42,1.4205,-13.9664,-13.0597,-17.6386,-13.0144,-12.8896,-15.5222,-14.0455,-2.1949,-18.6644,-9.2775,-13.7055,-14.4274,-19.4620,-15.2486,-17.3350,-15.8110,-9.8956,-0.1182,-13.4249,-15.2905
43,D,R,R,43,1.0029,-12.3115,-9.8773,-15.0646,-11.3755,-16.5964,-11.3193,-10.3731,-14.8212,-9.7185,-13.1965,-13.6315,-12.3844,-16.1083,-9.8616,-0.0003,-11.3896,-13.2069,-14.1861,-11.4899,-16.5761
44,D,Q,Q,44,1.0030,-13.0859,-13.7400,-17.3284,-10.4443,-18.8929,-14.2281,-12.6776,-15.7361,-10.0298,-11.5351,-11.3563,-16.0025,-17.7131,-0.0003,-8.6102,-12.9088,-14.2454,-13.6578,-16.9751,-21.4570
45,D,A,A,45,1.0417,-0.0055,-13.0304,-14.0350,-11.4639,-17.7090,-9.4699,-12.9762,-15.1190,-10.1421,-14.1160,-13.3933,-11.2998,-5.7210,-10.7122,-8.7827,-9.0213,-6.7069,-7.4790,-15.8706,-18.9197
46,D,P,P,46,1.0231,-8.1232,-13.5040,-13.4585,-13.7294,-13.8541,-10.4543,-12.2774,-12.1285,-14.0848,-9.8691,-15.4128,-13.9887,-0.0028,-12.9608,-8.4811,-7.6871,-6.3883,-9.8635,-13.6687,-16.2714
47,D,G,G,47,1.0022,-9.8531,-16.5551,-11.9744,-9.7536,-15.0708,-0.0002,-14.4188,-17.8028,-12.2738,-12.8197,-15.2664,-16.9996,-14.8033,-13.9043,-9.8840,-13.0397,-11.2405,-12.3419,-14.1296,-17.5185
48,D,K,K,48,1.0257,-12.1162,-15.7203,-12.1765,-7.8637,-12.4917,-12.9083,-10.2899,-12.9779,-0.0033,-9.5149,-10.8353,-9.7211,-16.7427,-8.9959,-5.9714,-11.5516,-10.1304,-12.8467,-14.7801,-13.4706
49,D,G,G,49,1.0002,-13.0176,-18.0152,-14.9604,-16.0933,-17.9383,-0.0000,-17.8288,-18.8893,-16.4514,-14.8271,-18.5745,-15.0919,-16.2766,-17.1317,-11.5435,-15.6818,-15.6492,-15.5096,-16.8322,-19.7263
50,D,L,L,50,1.0014,-16.1449,-15.5634,-18.8367,-17.8690,-9.5921,-16.9743,-15.8950,-18.2330,-17.1882,-0.0001,-11.7289,-17.8613,-9.9776,-16.8415,-15.4663,-17.9902,-19.9380,-14.6489,-12.7355,-14.8005
51,D,E,E,51,1.1091,-6.1434,-12.8576,-4.4251,-0.0171,-13.3566,-8.8074,-10.4720,-12.0433,-10.5817,-11.4148,-11.2353,-11.4039,-16.2693,-6.9346,-9.7698,-9.2884,-9.2570,-6.5895,-15.0637,-14.9138
52,D,W,W,52,1.0155,-9.5009,-10.1336,-13.6609,-14.0067,-6.8542,-11.0373,-9.5698,-13.4151,-14.7616,-8.4743,-11.1254,-12.2080,-11.0222,-13.3248,-11.7695,-9.3750,-11.4637,-11.4926,-0.0017,-9.0736
53,D,V,V,53,1.0033,-14.7629,-15.0915,-19.2417,-17.6510,-18.7291,-19.0432,-20.4687,-7.9696,-21.2376,-11.3467,-12.7677,-18.5108,-22.4179,-18.7796,-18.6392,-17.4472,-13.2643,-0.0004,-20.2726,-20.9716
54,D,S,S,54,1.0926,-4.2856,-10.2148,-14.0932,-14.9661,-14.7870,-12.7197,-16.0637,-14.4790,-17.7737,-14.8595,-11.2448,-10.9423,-17.8096,-15.6106,-16.6197,-0.0161,-6.1687,-13.1494,-18.2998,-17.1736
55,D,Y,Y,55,5.6300,-1.8745,-8.6231,-6.4568,-6.3931,-2.5325,-3.2265,-3.2850,-5.7769,-7.2796,-4.5559,-7.4641,-6.4907,-12.9034,-7.4829,-6.2961,-1.7807,-3.0744,-4.3475,-7.2185,-0.8225
56,D,I,I,56,1.0553,-9.9207,-13.0557,-13.3103,-12.7868,-12.1629,-12.0305,-13.6771,-0.0080,-10.9613,-8.5316,-8.0387,-11.2470,-15.7222,-11.4148,-9.0903,-8.9455,-6.7386,-5.1347,-14.8093,-13.7956
57,D,S,S,57,1.2094,-8.0354,-10.0382,-7.6293,-9.0625,-10.0501,-9.6905,-8.4587,-10.0987,-5.4783,-9.0343,-11.7622,-5.7656,-12.0109,-8.5837,-5.4567,-0.0333,-3.9611,-8.6782,-9.0809,-8.4313
58,D,S,S,58,2.2671,-3.8778,-8.3692,-4.0067,-6.7819,-3.2159,-5.0173,-6.0004,-8.9659,-6.1200,-6.9869,-8.0739,-4.6264,-5.3213,-7.4400,-4.7931,-0.1906,-7.6994,-9.1853,-5.4119,-2.9582
59,D,G,G,59,2.1427,-5.3801,-9.1413,-4.6938,-7.8163,-8.4903,-0.3247,-8.3219,-7.1933,-8.9926,-7.7215,-9.7595,-5.8101,-9.5584,-9.8913,-5.4167,-1.4125,-4.9106,-7.3011,-7.8917,-6.4072
62,D,G,G,62,1.4737,-6.7263,-8.8660,-9.6843,-9.1330,-9.1527,-0.1280,-9.4898,-9.0636,-10.4218,-10.6442,-12.2981,-9.6568,-11.9822,-10.6718,-8.3558,-2.1443,-7.9274,-9.1608,-9.7140,-8.1471
63,D,A,S,63,7.3853,-3.1296,-8.1010,-2.4912,-4.0400,-5.3293,-1.9872,-5.4837,-3.2833,-4.7276,-4.6459,-6.4776,-3.4542,-8.6265,-4.5251,-2.6727,-0.8227,-2.8968,-4.2353,-6.3589,-3.5185
64,D,T,T,64,6.4910,-4.9724,-8.8304,-3.4814,-5.2587,-4.1457,-7.3034,-4.7336,-2.5921,-4.3661,-4.2305,-5.8254,-1.1906,-9.8882,-6.3626,-4.3635,-3.0519,-1.1414,-4.4246,-7.2694,-2.0499
65,D,T,T,65,1.5560,-8.1776,-10.7594,-10.6850,-6.9801,-12.7556,-13.2080,-10.5797,-3.1336,-3.7490,-8.1980,-4.6332,-7.6391,-11.7170,-5.5284,-5.8634,-6.0904,-0.0954,-5.8035,-13.3248,-12.7208
66,D,Y,Y,66,1.3842,-6.6667,-8.9429,-5.5360,-8.2497,-4.1934,-6.1652,-3.8520,-10.8745,-7.9775,-9.1575,-10.8997,-4.7439,-15.2887,-8.9835,-8.4123,-5.4340,-10.3042,-11.2059,-7.5350,-0.0603
67,D,Y,Y,67,1.0363,-12.4233,-10.8743,-12.2152,-13.9240,-5.5793,-13.9717,-6.8664,-14.0180,-12.8676,-9.8172,-13.4621,-9.7696,-17.2287,-12.2787,-11.4916,-9.8083,-12.4557,-13.7163,-11.3529,-0.0051
68,D,A,A,68,1.0444,-0.0059,-12.9577,-10.3967,-9.8799,-14.3227,-5.7088,-10.7895,-15.3397,-10.9991,-10.7015,-12.6563,-10.9444,-9.4747,-11.8720,-9.6016,-7.0181,-6.7536,-8.8413,-16.6769,-15.5340
69,D,D,D,69,1.1362,-6.0260,-12.0669,-0.0199,-4.6686,-12.4866,-5.8963,-8.2159,-12.1772,-8.9428,-11.7828,-11.8206,-5.6628,-9.7175,-8.1538,-9.3681,-7.6077,-8.9916,-9.1367,-13.5189,-9.6595
70,D,S,S,70,1.2007,-4.5779,-12.9478,-8.9832,-9.3927,-7.2197,-10.5589,-11.2132,-11.5831,-9.3962,-9.8619,-11.0892,-8.5847,-8.2047,-11.2676,-8.9652,-0.0349,-3.8257,-8.4822,-8.1571,-10.6397
71,D,V,V,71,1.0181,-7.3084,-12.7944,-15.8095,-13.0289,-10.7669,-15.9986,-18.3968,-10.5585,-14.3057,-7.8465,-6.8993,-15.9900,-17.7561,-15.2008,-16.1926,-14.6550,-10.6423,-0.0021,-17.1516,-16.7530
72,D,K,K,72,1.3732,-6.6409,-14.5134,-9.8082,-3.9714,-10.1605,-10.2271,-10.2423,-7.8237,-0.0620,-8.0471,-6.5246,-9.1612,-13.5676,-5.9708,-3.6875,-8.0110,-4.7085,-7.6512,-10.0229,-9.6191
74,D,G,G,74,1.0026,-9.8117,-14.8426,-8.9507,-10.9366,-15.1979,-0.0002,-14.6028,-16.9414,-14.0181,-15.7999,-16.2590,-13.1157,-16.1534,-14.6693,-11.8316,-11.3091,-12.6972,-11.7212,-14.8012,-14.8611
75,D,R,R,75,1.0023,-14.0762,-13.3780,-14.3720,-14.4628,-14.7657,-13.6138,-9.3784,-15.9387,-9.6892,-12.2150,-14.6429,-12.2054,-16.8819,-10.9379,-0.0002,-11.6552,-11.8633,-16.5801,-11.4182,-13.7123
76,D,F,F,76,1.0117,-12.4088,-9.1914,-13.2533,-15.3686,-0.0013,-13.4838,-12.5665,-10.4931,-15.0057,-7.1384,-10.0656,-12.6707,-19.6913,-14.2572,-14.7933,-10.7851,-10.8346,-8.8354,-10.6859,-9.3306
77,D,T,T,77,1.1178,-5.2521,-15.6328,-10.4152,-9.0768,-11.0807,-9.9792,-12.8921,-7.9758,-9.1781,-10.4850,-9.0731,-9.7546,-15.8130,-11.0475,-8.5772,-4.3973,-0.0190,-8.5484,-14.1597,-13.1176
78,D,I,I,78,1.0578,-12.7483,-14.9333,-17.2041,-15.3608,-13.7120,-11.7541,-15.7198,-0.0097,-14.7780,-10.1145,-11.0172,-12.7430,-13.4658,-13.7395,-14.4206,-11.2452,-8.4943,-4.6676,-19.0919,-19.9120
79,D,S,S,79,1.0656,-5.7335,-12.9283,-9.4943,-11.1947,-9.1979,-5.3454,-10.6755,-12.4080,-10.2980,-9.8122,-11.3284,-7.5179,-14.4479,-11.1066,-9.2803,-0.0092,-9.4468,-11.8914,-13.2885,-8.8797
80,D,R,R,80,1.0038,-12.9837,-16.8952,-17.7918,-15.7089,-18.6086,-14.5517,-15.1999,-10.5826,-10.3851,-8.0788,-14.3719,-15.0814,-17.6508,-14.4247,-0.0004,-13.7344,-12.1240,-11.4961,-15.4709,-16.1829
81,D,D,D,81,1.0457,-8.6262,-13.4337,-0.0059,-6.0138,-12.0947,-10.1223,-6.0960,-12.0101,-11.8496,-10.3237,-13.1896,-7.6349,-13.2305,-7.9780,-11.4839,-9.8141,-11.8450,-10.3789,-13.6123,-10.5707
82,D,N,N,82,1.0345,-9.1612,-13.3357,-6.2988,-12.5286,-14.3058,-10.8178,-12.9350,-9.5280,-10.8207,-11.5203,-10.9434,-0.0044,-14.0916,-13.6260,-12.4065,-6.5508,-7.1323,-10.3650,-14.6146,-13.1084
83,D,S,A,83,1.9018,-0.2071,-14.3081,-9.9143,-11.2757,-8.8820,-5.3519,-11.7180,-10.3747,-11.9300,-8.4847,-11.0363,-10.2990,-2.6729,-10.6036,-9.2185,-2.2029,-7.0575,-6.7349,-11.2208,-9.0829
84,D,K,K,84,1.3286,-5.8742,-15.2576,-9.5905,-4.9467,-12.4008,-6.6216,-10.4026,-11.4028,-0.0531,-6.2941,-5.1524,-7.2514,-20.6776,-5.2394,-3.6289,-9.2252,-10.4562,-11.1384,-13.0606,-13.0023
85,D,N,N,85,1.0734,-10.3910,-13.9589,-7.4135,-9.1947,-12.9911,-11.3718,-8.3731,-12.7237,-5.2813,-13.4710,-10.8452,-0.0103,-18.1093,-8.9765,-7.9252,-5.7036,-8.1634,-12.5334,-12.1010,-10.8723
86,D,T,T,86,1.2895,-9.0587,-12.3535,-11.7598,-11.0236,-11.7595,-15.0506,-11.7113,-3.0556,-10.5785,-8.0691,-6.8458,-9.0747,-18.5709,-10.9497,-9.4959,-4.9534,-0.0585,-6.9822,-13.3337,-11.8091
87,D,L,L,87,1.0026,-12.0987,-16.6760,-13.6352,-11.4894,-11.0504,-13.9671,-11.6900,-12.7251,-13.4459,-0.0002,-9.5231,-13.7505,-18.1784,-9.2065,-14.0748,-14.5749,-15.2387,-11.6375,-15.3346,-13.5567
88,D,S,Y,88,1.6228,-9.8406,-10.2289,-8.6275,-11.1256,-1.9279,-8.8614,-6.1083,-8.6447,-11.5488,-7.4830,-9.1390,-6.7205,-17.0087,-10.8323,-10.3037,-5.5950,-8.2834,-9.9212,-7.2493,-0.1684
89,D,L,L,89,1.0003,-17.4011,-18.8403,-18.2606,-16.5503,-13.8031,-18.9424,-17.4773,-14.0783,-20.0312,-0.0000,-11.3663,-18.7848,-21.9353,-15.6217,-19.5094,-17.8571,-19.0189,-11.4323,-19.0232,-19.1811
90,D,Q,Q,90,1.0550,-9.8981,-13.3169,-9.6904,-5.2270,-12.0332,-10.3724,-6.3462,-11.4470,-9.2049,-8.9934,-11.1019,-9.5687,-12.9203,-0.0078,-9.1185,-10.6776,-10.6711,-10.2108,-12.6599,-11.7438
91,D,M,M,91,1.0441,-9.1046,-12.2713,-17.7390,-14.4127,-11.9230,-13.0170,-21.3012,-5.7298,-17.0132,-6.2638,-0.0060,-16.6526,-16.9770,-14.7117,-16.3867,-12.6193,-12.2827,-7.2179,-15.6266,-20.7482
92,D,N,N,92,1.0877,-9.0190,-13.8575,-6.9198,-10.6350,-10.2681,-8.9570,-7.6661,-10.0301,-6.8498,-9.7217,-9.3618,-0.0120,-15.5533,-9.4817,-7.4563,-5.0851,-6.2052,-11.3898,-12.6031,-9.6449
93,D,S,S,93,1.2223,-6.6872,-10.3611,-7.8378,-9.8868,-8.3638,-5.8336,-8.9461,-8.3815,-9.3480,-7.8133,-9.0517,-4.2463,-9.2118,-9.1280,-5.0070,-0.0335,-5.2370,-8.4024,-9.5513,-8.1888
94,D,L,L,94,1.0029,-13.0379,-15.3753,-16.4698,-14.6173,-13.5663,-14.1539,-16.8735,-12.8161,-13.4875,-0.0003,-9.1445,-16.4869,-12.6784,-13.7698,-14.6537,-16.6326,-15.7130,-8.7007,-17.0920,-18.5316
95,D,R,R,95,1.1789,-7.3631,-10.8194,-10.5415,-9.6396,-12.3890,-5.6846,-9.0934,-8.4711,-5.0400,-9.2405,-9.5954,-9.1153,-10.8538,-7.1891,-0.0277,-7.0958,-4.2598,-8.0497,-11.1622,-11.7230
96,D,G,A,96,1.4068,-0.0723,-9.3479,-6.7897,-7.9722,-7.4629,-4.0830,-10.9991,-7.4859,-11.3721,-7.2001,-7.6710,-10.4009,-6.9063,-9.6969,-9.2903,-6.4639,-5.4131,-3.1768,-10.9325,-9.7066
97,D,E,E,97,1.0868,-7.9914,-14.6170,-4.3740,-0.0145,-14.4601,-7.4630,-13.9960,-12.6301,-12.1248,-12.7923,-11.6133,-11.9318,-12.9084,-7.2008,-13.1327,-9.8810,-11.9770,-9.9985,-16.9612,-14.5744
98,D,D,D,98,1.0005,-14.3195,-16.9384,-0.0000,-10.4178,-15.5720,-15.5133,-12.3827,-19.1990,-20.5916,-18.2406,-15.8366,-12.4082,-20.0526,-17.1380,-21.0174,-16.4337,-16.5643,-15.8505,-19.3612,-15.9857
99,D,T,T,99,1.0254,-9.4543,-14.8660,-15.3932,-11.9996,-13.0538,-13.3942,-16.2162,-12.9803,-14.9969,-12.3234,-9.5514,-14.7488,-16.7790,-13.3822,-14.0320,-5.6604,-0.0037,-13.3940,-16.9562,-15.3639
100,D,A,A,100,1.0009,-0.0001,-13.1325,-13.4943,-17.1980,-17.1452,-12.9802,-19.0496,-20.0961,-20.0429,-18.3424,-16.1318,-15.6072,-17.8947,-20.6865,-19.4863,-9.6439,-12.4722,-12.1990,-21.7738,-18.7694
101,D,V,V,101,1.1646,-11.5111,-14.0492,-13.0111,-13.0734,-8.5178,-14.0873,-13.6822,-4.0115,-12.9142,-4.6527,-7.7818,-13.7050,-18.2743,-13.6210,-10.0705,-13.2099,-8.8444,-0.0289,-10.8074,-11.7451
102,D,Y,Y,102,1.0222,-13.9348,-11.1787,-12.8525,-15.6762,-5.8548,-15.7232,-8.8423,-12.8096,-15.6313,-10.5736,-13.6246,-12.4315,-16.6774,-15.1681,-14.7363,-12.7134,-15.0386,-11.6873,-12.2740,-0.0031
103,D,Y,Y,103,1.1661,-14.0492,-10.7864,-11.9688,-13.5420,-3.6334,-13.7041,-5.3574,-13.7087,-14.6448,-10.0596,-14.5475,-10.5973,-19.4239,-12.9577,-13.1847,-10.9950,-14.4078,-12.5325,-10.6478,-0.0318
104,D,C,C,104,1.0227,-6.2018,-0.0029,-13.1782,-15.1049,-13.8845,-8.6472,-14.3570,-14.1735,-17.4365,-14.5510,-13.2240,-11.6118,-12.0791,-14.5337,-16.0182,-7.4981,-9.6089,-10.1700,-14.6891,-15.0645
105,D,A,A,105,1.0389,-0.0050,-9.4612,-12.7186,-11.9704,-13.4752,-8.5070,-13.3667,-12.8711,-13.9348,-11.9748,-10.7179,-10.0826,-15.3527,-12.4532,-12.9494,-6.2206,-6.4525,-6.8640,-16.1268,-15.0388
106,D,K,R,106,1.1326,-10.1150,-9.7114,-13.2466,-11.2277,-15.1525,-9.2024,-11.3773,-5.6864,-6.4653,-10.5017,-9.8926,-7.0174,-15.9936,-8.9299,-0.0191,-6.7291,-4.7940,-5.7729,-10.7408,-13.4934
107,D,D,D,107,3.5815,-2.7403,-6.5142,-0.3594,-3.4329,-3.2710,-5.6961,-2.8099,-11.4405,-8.1428,-5.1218,-6.2466,-4.6243,-11.6678,-6.4422,-5.7510,-3.9091,-6.0507,-7.4224,-3.8889,-3.3312
108,D,I,Y,108,9.2900,-3.3498,-6.6143,-5.2368,-5.0456,-1.8799,-3.7771,-3.8367,-2.2638,-5.0079,-3.0106,-4.0593,-4.8306,-7.2060,-4.6903,-2.1457,-3.3459,-4.0271,-3.0978,-4.1442,-1.1128
109,D,T,V,109,9.9464,-2.9029,-7.7461,-5.1722,-3.8090,-3.9700,-6.2754,-4.0480,-2.2747,-4.2637,-2.5518,-4.2904,-5.9325,-8.2467,-3.1657,-2.0288,-4.1738,-2.6222,-1.1759,-3.8920,-2.5702
110,D,A,A,110,4.4631,-0.7972,-9.4347,-6.6570,-5.5933,-5.9572,-3.7704,-8.0577,-6.8294,-6.7399,-1.1563,-2.5726,-7.5562,-10.8731,-4.7972,-2.5928,-4.8042,-3.9251,-4.8404,-5.7735,-5.9650
111,D,P,A,111,6.0200,-0.8877,-10.2345,-6.0963,-5.6681,-4.1559,-5.8245,-7.6784,-2.9810,-7.6436,-3.3112,-3.9606,-8.4389,-2.5844,-6.0364,-4.7424,-4.6376,-2.7827,-1.3291,-3.9441,-4.2387
112,D,G,G,112A,8.9702,-2.3043,-7.9795,-3.6908,-4.1941,-2.8989,-0.9260,-5.4143,-5.4426,-5.5759,-2.6016,-4.2551,-3.9136,-6.3770,-4.7333,-2.7865,-3.3270,-2.7470,-3.2914,-4.2443,-2.7492
112,D,R,Y,112,12.0285,-2.1344,-7.6879,-3.4335,-3.4802,-2.5127,-5.5394,-3.6265,-3.8141,-4.4536,-2.7946,-4.3086,-3.4520,-9.4304,-3.8908,-2.7571,-2.3622,-3.7723,-3.1638,-2.8274,-1.3319
113,D,N,Y,113,9.1241,-4.6536,-7.4390,-3.1899,-3.5524,-2.8230,-3.8067,-3.4477,-4.4899,-4.5009,-3.3051,-5.2245,-2.5411,-7.0806,-4.3490,-2.2550,-3.2469,-3.4510,-4.3437,-2.8928,-0.9020
114,D,G,G,114,1.0059,-8.6762,-12.7984,-11.6918,-12.1613,-10.8304,-0.0006,-11.3903,-13.0188,-13.6367,-10.1032,-13.8162,-11.7939,-11.2820,-13.7641,-11.4477,-10.7812,-12.9482,-11.3808,-9.1662,-8.9973
115,D,L,L,115,2.9949,-7.5592,-8.9754,-9.6112,-8.3623,-1.2476,-9.0891,-7.0923,-7.3789,-6.9221,-0.6378,-1.7877,-6.6279,-9.1060,-6.9551,-7.4737,-6.9300,-8.0884,-8.7678,-7.4053,-4.7660
116,D,D,D,116,1.4301,-4.6506,-8.9913,-0.0617,-3.8929,-9.0456,-6.1482,-5.8522,-7.6228,-6.8868,-6.9217,-8.1990,-5.0403,-9.0534,-5.3785,-6.0628,-5.6868,-6.2007,-6.2975,-9.2733,-6.8977
117,D,S,Y,117,2.5802,-3.5306,-5.6617,-5.1542,-11.2483,-4.0414,-11.2819,-4.2783,-9.6577,-11.5972,-10.9824,-10.2689,-4.2018,-8.5508,-10.2557,-10.8523,-1.6201,-7.3854,-5.2382,-8.2124,-0.3417
118,D,W,W,118,1.0019,-14.9079,-13.9111,-16.1724,-16.3523,-8.7484,-15.8587,-13.4926,-15.9234,-16.4757,-12.0159,-14.1751,-15.2531,-17.5484,-15.7888,-14.4433,-13.7653,-15.8103,-13.9269,-0.0002,-11.5669
119,D,G,G,119,1.0008,-10.5488,-14.5658,-12.8420,-14.1519,-18.9138,-0.0001,-17.2447,-19.3623,-17.9462,-17.9568,-18.6661,-16.0570,-17.0944,-16.8799,-16.3221,-10.2064,-16.7602,-16.6711,-18.0324,-18.4190
120,D,Q,Q,120,1.2423,-8.1144,-11.8578,-9.2588,-6.9201,-10.5223,-7.6398,-5.7832,-10.2379,-5.9420,-5.4374,-8.4753,-9.2679,-6.0250,-0.0390,-3.7634,-9.4661,-9.2697,-9.4722,-10.0911,-9.7775
121,D,G,G,121,1.0000,-14.8284,-19.4276,-17.3898,-17.9492,-22.8317,-0.0000,-21.6353,-24.0421,-19.0271,-18.6719,-22.3370,-19.9920,-19.9078,-20.4568,-17.9525,-17.2375,-21.2956,-18.5998,-20.2111,-22.2003
122,D,V,T,122,1.1518,-6.7783,-12.0635,-12.2274,-10.5183,-13.4795,-10.7225,-14.0813,-5.6625,-11.7451,-12.2122,-12.0845,-10.0708,-11.7519,-12.8931,-11.9413,-7.5684,-0.0270,-3.8459,-14.6819,-13.6830
123,D,V,L,123,3.9008,-4.7169,-7.8391,-6.5710,-4.9861,-7.0755,-7.1371,-7.3083,-5.6574,-4.8889,-0.5318,-1.4422,-6.1108,-4.2259,-3.6723,-3.5855,-4.2878,-3.3369,-3.7076,-6.9254,-7.9640
124,D,V,V,124,1.0033,-13.9494,-16.2341,-20.2546,-17.7850,-17.1715,-16.1799,-19.8980,-8.6423,-18.0721,-8.8175,-13.1598,-18.9969,-18.6765,-19.1328,-18.8007,-18.7978,-12.5932,-0.0003,-19.9412,-19.1432
125,D,T,T,125,1.2533,-6.7821,-10.6862,-12.4777,-10.6267,-10.8688,-12.5280,-12.5289,-3.3121,-9.8710,-8.7716,-8.5154,-8.9436,-12.3034,-10.2136,-9.2853,-5.7018,-0.0476,-5.3291,-12.9032,-11.1690
126,D,V,V,126,1.0095,-9.2360,-11.7209,-17.0553,-15.4918,-15.9281,-14.7614,-17.5994,-7.2202,-15.6578,-13.9402,-13.1145,-14.0667,-14.9962,-16.1098,-14.0735,-11.6887,-8.3889,-0.0011,-18.7392,-16.1535
127,D,S,S,127,1.0050,-8.9498,-10.5698,-10.3909,-13.5613,-9.1970,-11.3631,-11.3827,-12.4840,-12.6705,-11.9795,-13.7034,-10.5606,-13.5577,-13.2722,-11.5778,-0.0005,-9.5645,-11.9867,-14.2836,-10.6511
128,D,S,S,128,1.2544,-3.7424,-9.8956,-8.0564,-10.5961,-11.2937,-3.9203,-10.8584,-12.2768,-10.9962,-11.9220,-12.5488,-8.9936,-6.9804,-10.1047,-8.8801,-0.0466,-8.3477,-10.5370,-13.6600,-10.7957
2,C,S,N,2,2.4974,-8.2738,-9.5607,-10.3058,-11.7346,-7.5907,-9.9668,-8.2672,-1.4277,-11.9171,-2.4044,-9.0812,-0.4220,-7.0179,-8.9894,-13.4396,-7.5717,-8.1745,-4.6788,-11.3753,-6.3697
3,C,V,V,3,1.1783,-8.5840,-11.0920,-10.7506,-4.4083,-11.7890,-15.0946,-10.2644,-6.3946,-10.6118,-5.2157,-6.5796,-11.3168,-15.1593,-5.0934,-9.5798,-13.1761,-9.8995,-0.0276,-12.2647,-12.6716
4,C,L,L,4,1.0034,-16.9831,-17.4437,-20.1109,-15.4158,-13.5615,-19.1512,-17.4569,-14.6544,-15.8994,-0.0004,-7.9518,-15.9508,-18.3282,-10.9891,-17.0279,-20.5376,-21.4782,-12.9829,-16.9823,-17.1516
5,C,T,T,5,1.0514,-8.3585,-13.3747,-11.5619,-11.0789,-11.8738,-10.6761,-14.0196,-6.6786,-12.3776,-9.7052,-8.2154,-8.6825,-14.3027,-10.6854,-9.1561,-5.3578,-0.0071,-8.8922,-12.7636,-12.9260
6,C,Q,Q,6,1.0020,-14.6040,-14.7088,-15.2563,-8.7504,-20.3252,-16.6925,-11.9819,-17.4091,-14.6273,-12.5561,-12.0161,-11.2748,-15.0826,-0.0002,-14.4382,-12.6488,-13.2274,-14.9431,-19.1269,-20.7611
7,C,P,P,7,1.1752,-6.3696,-12.2867,-6.2837,-3.6793,-11.3113,-10.9237,-9.1272,-13.1533,-10.8033,-9.4913,-12.6159,-10.5786,-0.0313,-7.9658,-9.7194,-6.9590,-8.9233,-9.2665,-9.6976,-10.2950
8,C,P,P,8,1.4817,-4.8027,-8.7166,-8.2302,-9.6605,-7.9757,-7.3764,-3.1211,-11.0721,-9.2407,-5.4694,-11.9115,-6.8791,-0.0829,-6.7709,-7.4121,-4.1251,-8.3322,-6.9538,-6.8262,-8.3474
9,C,S,S,9,1.0174,-6.4896,-12.4052,-11.7172,-12.7401,-8.4395,-10.0763,-12.9356,-13.4759,-11.7767,-11.2163,-11.0350,-10.0003,-13.2558,-12.1487,-9.9019,-0.0021,-9.7072,-9.9225,-12.2810,-10.8027
11,C,L,A,11,5.0878,-0.8542,-7.1221,-6.6238,-4.6465,-5.3664,-8.0744,-8.3115,-7.8262,-5.5835,-3.3361,-2.1739,-7.8509,-11.0955,-3.2803,-7.8777,-1.7923,-4.9212,-1.6546,-8.5228,-8.1038
12,C,S,S,12,1.0058,-7.4401,-11.9609,-13.1932,-13.9739,-10.7606,-11.4395,-12.4931,-19.0593,-14.6192,-13.9143,-13.2618,-11.7651,-13.7063,-14.4377,-12.9261,-0.0007,-14.0936,-18.6139,-14.1354,-13.0183
13,C,A,A,13,2.7886,-0.3437,-7.0332,-5.4355,-2.3889,-7.6697,-2.0321,-6.7001,-12.4888,-4.3884,-3.3225,-6.4616,-6.3805,-8.7737,-5.8010,-6.5845,-6.3863,-6.6695,-6.3497,-11.6472,-9.2001
14,C,S,A,14,1.7222,-0.2102,-10.9927,-8.2798,-9.9926,-5.5795,-6.5505,-9.0335,-9.9146,-11.0582,-8.0351,-9.2919,-8.5235,-9.5275,-12.6764,-9.7783,-1.7182,-5.8489,-7.6452,-9.6294,-8.0601
15,C,P,P,15,1.0680,-8.5271,-13.7386,-13.1553,-9.7570,-13.2901,-11.1286,-14.8638,-12.3167,-16.3994,-5.7086,-14.5781,-16.2613,-0.0104,-14.3478,-13.0041,-11.2693,-9.8824,-5.0122,-14.1769,-15.9051
16,C,G,G,16,1.0026,-10.3220,-15.2256,-10.9361,-9.6118,-15.0322,-0.0002,-14.8900,-18.5414,-11.3329,-15.0914,-14.8547,-13.4297,-17.1518,-14.0693,-9.5108,-10.6622,-13.3470,-14.4669,-12.5430,-16.0953
17,C,A,D,17,3.1090,-0.9469,-12.0425,-0.7500,-2.2785,-11.5561,-4.9935,-6.6027,-10.4162,-7.7634,-13.9237,-10.2112,-6.6539,-13.5607,-5.8557,-9.9812,-4.0437,-5.0101,-8.5660,-12.6522,-9.9412
18,C,S,R,18,2.6681,-6.0549,-7.9771,-10.3102,-10.1446,-6.3243,-7.4101,-9.5042,-7.1782,-4.4147,-4.2409,-7.5581,-9.8369,-6.3122,-9.9240,-0.3793,-1.6016,-2.6408,-4.9208,-7.6603,-9.6726
19,C,A,V,19,2.3335,-1.4412,-8.5882,-11.9352,-6.2962,-8.8819,-9.2591,-9.0319,-4.6102,-8.5883,-3.9656,-3.5180,-11.5440,-8.1151,-6.7229,-10.5194,-8.7976,-10.9305,-0.3561,-9.6669,-10.1469
20,C,R,R,20,2.5284,-8.5513,-5.9429,-10.9153,-10.8775,-5.9556,-8.8556,-6.7006,-6.1096,-3.1740,-5.8789,-6.8682,-5.3602,-11.8057,-9.1343,-0.4402,-1.2428,-5.3591,-7.7519,-6.0101,-7.7404
21,C,L,L,21,2.0020,-17.9133,-14.2341,-23.2284,-21.1137,-10.5377,-17.6922,-17.2648,-0.7468,-21.4715,-0.6427,-9.4020,-19.5873,-18.5904,-18.6314,-19.3945,-15.1551,-19.3547,-8.8968,-15.0166,-16.6971
22,C,P,S,22,1.6697,-5.7310,-5.7330,-9.5252,-8.3504,-9.2866,-8.4777,-11.2170,-7.8738,-9.8980,-11.4152,-11.1578,-7.8564,-6.1668,-11.1458,-8.0843,-0.1855,-1.8403,-9.2817,-10.2709,-11.2108
23,C,C,C,23,1.0001,-12.8646,-0.0000,-19.7950,-22.1635,-14.6313,-15.5476,-18.4174,-17.9749,-23.7405,-16.3410,-19.7941,-20.2999,-20.2026,-21.2435,-20.2580,-15.6259,-19.1549,-15.1683,-18.8440,-19.5540
24,C,T,T,24,1.4569,-3.3565,-10.2048,-12.2024,-9.7378,-9.7377,-6.6014,-9.4998,-6.5568,-6.3384,-8.1828,-11.2004,-10.7802,-9.5872,-8.5134,-3.9657,-4.0920,-0.0797,-7.3715,-9.5348,-11.8107
25,C,L,V,25,1.2887,-8.0087,-8.8732,-14.5453,-14.6529,-7.1880,-8.7265,-13.6313,-2.8727,-12.7660,-5.6765,-9.7843,-13.5922,-12.1336,-14.6049,-10.2976,-12.5597,-10.5038,-0.0635,-13.2236,-14.0075
26,C,S,S,26,1.1777,-4.6560,-9.1429,-7.9193,-9.5169,-8.5366,-5.4633,-7.4443,-10.4750,-10.2356,-8.0549,-12.2047,-9.4803,-7.1663,-8.7878,-5.4611,-0.0255,-5.5394,-10.3184,-8.0397,-8.4169
27,C,S,S,27,1.0778,-9.4051,-10.5264,-9.8651,-11.8221,-8.9379,-8.0150,-9.2930,-9.8512,-11.9980,-9.3584,-12.5986,-8.3142,-4.9679,-11.4130,-6.2063,-0.0110,-7.5180,-12.0884,-9.1215,-8.4445
28,C,D,S,28,1.4830,-5.3049,-7.1267,-5.1700,-9.5437,-6.1892,-3.0731,-6.7353,-7.9470,-10.1949,-9.6636,-10.8307,-6.2655,-9.5658,-9.1829,-5.8049,-0.0806,-4.9606,-6.8243,-7.8883,-6.0331
29,C,L,I,29,6.3055,-5.0123,-7.2812,-6.0043,-8.5306,-3.3289,-6.6597,-2.2549,-1.1735,-6.5554,-2.7745,-8.5370,-2.7158,-9.4815,-8.0795,-4.6630,-6.0340,-7.9630,-1.4080,-9.1593,-1.8889
30,C,N,N,30,6.6006,-5.2040,-7.1301,-2.6022,-3.9681,-5.4625,-4.7330,-3.6551,-2.0290,-5.0673,-6.1593,-6.8245,-0.7666,-7.9902,-5.5243,-3.8089,-2.9154,-2.9246,-2.3279,-5.8772,-3.8362
31,C,V,V,31,1.0180,-7.2168,-12.1686,-14.2932,-12.4653,-13.1977,-13.0588,-16.5877,-6.5182,-14.6429,-11.9574,-12.6051,-13.2775,-13.4835,-13.6257,-13.6858,-11.4987,-11.3556,-0.0023,-17.8525,-16.6680
35,C,G,G,35,5.7427,-2.9891,-6.5232,-2.8439,-3.8837,-5.9195,-0.5943,-4.7346,-2.9981,-4.5905,-6.1174,-5.5102,-3.3492,-10.7346,-5.8685,-2.7489,-2.5666,-5.7656,-3.1089,-6.8916,-4.4073
36,C,T,S,36,3.8184,-5.4375,-9.1856,-3.0802,-6.9840,-5.7828,-3.8542,-6.3864,-4.1461,-7.6177,-8.5542,-7.7606,-2.9186,-7.7765,-8.3743,-4.0504,-0.5620,-1.3976,-5.6917,-5.6470,-4.6537
37,C,K,Y,37,3.2500,-4.5772,-2.9126,-6.7513,-6.2726,-4.2969,-11.5080,-3.6676,-7.1611,-6.1489,-6.4295,-8.8434,-1.9214,-12.1451,-3.2845,-7.2139,-4.4396,-5.5246,-5.3567,-8.7777,-0.3809
38,C,N,S,38,5.9261,-5.2988,-7.9003,-5.2548,-6.9664,-3.8825,-2.2571,-4.7472,-4.6271,-4.6035,-3.2323,-7.5403,-1.9180,-6.7883,-4.7355,-2.6586,-0.7059,-4.8101,-5.8459,-3.9183,-3.1395
39,C,M,V,39,3.5610,-7.5598,-11.6705,-13.0406,-11.9927,-9.0804,-10.9168,-11.4390,-1.4662,-13.7547,-1.8742,-1.9542,-9.4942,-14.7978,-7.3302,-12.0890,-10.9396,-8.7970,-0.7499,-10.9728,-12.5520
40,C,Y,H,40,1.7826,-11.3091,-6.0218,-8.2462,-9.1660,-4.5500,-10.9490,-0.1603,-8.9684,-11.6734,-6.3808,-9.6579,-3.4603,-15.9112,-5.3829,-9.4279,-8.8796,-12.6128,-10.2312,-8.8595,-2.3389
41,C,W,W,41,1.0003,-17.8235,-14.7121,-17.7237,-17.9485,-13.0633,-17.3184,-13.2511,-17.0774,-18.2618,-11.6489,-15.3752,-17.1772,-20.0982,-14.0294,-12.3456,-17.0524,-17.5399,-14.7827,-0.0000,-13.8169
42,C,Y,Y,42,1.5017,-12.2726,-8.4975,-14.3183,-11.4664,-3.2384,-14.7518,-5.7838,-10.6726,-11.1289,-2.9410,-8.6907,-8.3676,-20.4578,-7.0677,-10.3817,-11.0911,-13.1291,-9.6176,-8.6696,-0.1019
43,C,Q,Q,43,1.0710,-12.3438,-12.4399,-13.9763,-7.6027,-15.7531,-12.5740,-7.6621,-12.9758,-7.1699,-9.1463,-11.0608,-13.2576,-14.3285,-0.0111,-4.6965,-12.7598,-12.2453,-10.1828,-14.0756,-16.8415
44,C,Q,Q,44,1.0181,-13.6203,-14.2162,-16.0388,-8.3033,-15.9807,-13.8756,-8.2007,-14.1094,-7.1476,-11.2794,-11.0964,-14.3213,-15.5792,-0.0021,-7.1849,-13.0587,-12.9801,-13.2571,-14.4395,-17.1068
45,C,K,K,45,1.1905,-10.7171,-14.3446,-15.1035,-11.5395,-12.0428,-14.6563,-8.0921,-10.4278,-0.0399,-8.8051,-10.3554,-11.2925,-16.6259,-7.1482,-3.2809,-10.7648,-9.1037,-9.5387,-13.1627,-13.0271
46,C,P,P,46,1.0468,-6.9529,-13.8393,-15.1550,-13.1051,-10.6133,-10.9278,-10.5933,-12.6708,-13.7233,-8.2730,-15.5809,-15.6496,-0.0066,-11.0710,-8.2774,-5.3435,-8.7836,-10.0652,-11.8909,-15.3466
47,C,G,G,47,1.0070,-10.2284,-14.2558,-7.6300,-9.7416,-12.2913,-0.0007,-10.7645,-17.1870,-14.5235,-13.5026,-15.9812,-12.9902,-12.5594,-14.8843,-10.4531,-9.5902,-12.7676,-13.4351,-11.0340,-14.5010
48,C,S,S,48,4.3864,-5.1170,-7.9315,-8.9019,-6.7417,-2.8197,-7.5263,-2.8293,-9.1537,-2.4610,-2.5631,-6.4698,-4.2282,-8.1447,-4.4021,-2.8090,-0.5038,-5.1626,-9.1298,-6.6021,-4.5834
49,C,A,A,49,2.2804,-0.3642,-8.8012,-10.6345,-10.7539,-5.0106,-6.2232,-6.7642,-13.0225,-13.3591,-9.5531,-12.8170,-10.5839,-2.8647,-12.2170,-8.2209,-1.4404,-7.3341,-9.1738,-8.6430,-9.1618
50,C,P,P,50,1.0002,-14.4650,-16.2442,-18.7663,-17.2748,-13.0126,-15.9554,-15.0079,-19.7125,-17.3745,-11.7960,-17.8429,-16.8427,-0.0000,-17.0517,-15.9690,-15.5844,-20.3557,-15.6724,-14.4682,-16.2591
51,C,R,R,51,1.4205,-5.7905,-12.4360,-12.2144,-10.0353,-9.9451,-7.9086,-8.0074,-8.4737,-3.5031,-8.3032,-9.0917,-8.4563,-11.5476,-6.3648,-0.0696,-4.4530,-4.2174,-5.4677,-8.7204,-12.0712
52,C,L,L,52,1.6602,-6.1024,-7.4629,-13.0093,-10.9790,-3.2346,-8.3114,-5.4471,-8.9549,-7.6479,-0.1049,-6.6675,-6.8628,-4.7677,-6.6798,-4.6137,-6.8526,-7.5615,-8.0960,-5.4846,-3.7232
53,C,F,L,53,1.1948,-7.9907,-10.2214,-14.3795,-11.3166,-4.3397,-14.1514,-7.6925,-9.8550,-11.3306,-0.0301,-5.6997,-12.9218,-20.7841,-9.1440,-8.7192,-11.1698,-9.1068,-5.6905,-4.8316,-7.4486
54,C,L,L,54,1.5953,-13.6608,-14.0862,-17.7888,-15.9594,-8.3695,-15.3358,-12.1308,-1.8715,-14.0768,-0.1738,-5.4236,-14.0040,-19.3096,-13.6676,-14.2423,-13.6542,-14.9089,-6.9428,-12.9866,-10.8710
55,C,Y,Y,55,1.5277,-11.5012,-9.7249,-9.8002,-11.3600,-2.2678,-10.1220,-5.5683,-9.3472,-8.3313,-6.1782,-10.6133,-8.2251,-13.9760,-10.2493,-6.2783,-7.2175,-9.0409,-8.4074,-5.7619,-0.1237
56,C,Y,Y,56,1.4678,-13.1229,-13.7419,-10.3748,-14.8587,-2.1727,-14.2633,-7.2150,-12.0316,-14.5218,-11.3870,-10.9522,-11.4111,-21.2224,-14.9678,-12.7752,-12.6312,-13.7881,-10.2634,-5.7106,-0.1256
57,C,Y,Y,57,6.6148,-4.6864,-11.7189,-4.8525,-6.0624,-3.9503,-7.3357,-3.9327,-3.4114,-1.8325,-7.8015,-5.1698,-4.6665,-9.1892,-4.3223,-3.2732,-3.9516,-2.9296,-2.3484,-2.9204,-0.7780
58,C,S,S,58,1.1349,-9.9056,-13.3520,-6.3983,-13.2309,-9.2169,-9.2847,-10.9686,-12.1781,-10.8690,-11.9880,-11.6702,-6.0706,-14.1052,-13.7762,-9.8607,-0.0234,-3.9850,-12.7335,-10.7393,-8.8692
59,C,D,S,59,4.8940,-6.2396,-11.1330,-1.9904,-6.7603,-6.4134,-5.9380,-6.4383,-3.8759,-4.6555,-6.5640,-8.2447,-1.2752,-7.0987,-8.3323,-4.0841,-0.9423,-2.0899,-5.6762,-5.7360,-5.2881
63,C,S,S,63,2.9949,-5.0313,-9.4565,-4.6152,-7.7111,-4.7045,-5.4986,-5.8380,-4.9634,-6.1847,-2.7457,-6.4496,-4.4902,-7.4579,-7.0649,-2.8328,-0.2967,-2.7705,-4.9122,-6.2073,-5.2274
64,C,D,D,64,2.5489,-6.9929,-11.0122,-0.2729,-2.0920,-7.0350,-10.7407,-5.6097,-5.1892,-5.3093,-3.6306,-7.1236,-3.0973,-10.9264,-5.6258,-6.0780,-5.1049,-6.1795,-4.4734,-9.0960,-6.6184
65,C,K,K,65,1.2444,-11.3782,-12.6266,-9.8308,-7.2428,-8.5815,-14.0069,-4.9827,-11.8268,-0.0449,-7.8422,-7.2515,-7.2568,-12.9423,-7.2403,-3.4019,-9.6000,-10.2214,-11.1241,-10.8669,-9.5238
66,C,Q,R,66,7.3135,-3.7854,-8.6062,-4.1543,-3.2569,-4.4484,-1.3570,-3.2735,-7.7555,-1.9038,-3.4950,-7.1130,-5.4510,-9.1471,-2.5839,-1.2015,-4.1288,-6.5375,-8.6589,-6.3017,-3.3485
67,C,L,L,67,2.2198,-9.2030,-10.0122,-6.8031,-9.8036,-7.5070,-8.9392,-4.7826,-10.6237,-3.8498,-0.2819,-7.6604,-5.4994,-9.7829,-4.1147,-1.6858,-8.0463,-11.3812,-10.3535,-7.1354,-5.0315
68,C,G,G,68,1.0000,-14.2821,-16.3363,-18.3723,-18.8080,-17.6189,-0.0000,-18.4120,-16.0537,-18.4397,-14.4624,-19.0732,-16.6852,-14.4831,-18.4580,-16.3352,-13.9985,-21.4492,-16.4284,-18.6625,-20.0950
69,C,P,S,69,3.6296,-3.4297,-9.2777,-0.9090,-3.8608,-6.5466,-4.3194,-7.0045,-6.0947,-8.1098,-6.3149,-9.3340,-8.2555,-3.5127,-6.7318,-4.7301,-0.7766,-5.0966,-5.0405,-4.5630,-7.9936
70,C,G,G,70,1.0094,-8.7627,-14.7661,-8.3776,-8.8829,-10.6161,-0.0009,-12.8503,-13.3517,-11.3960,-11.7586,-14.3583,-10.6235,-11.1188,-14.8031,-8.8384,-9.6590,-13.4655,-9.5273,-10.5572,-13.3561
71,C,V,V,71,1.6252,-8.9001,-11.5732,-13.2193,-13.5848,-7.0157,-12.8990,-16.0800,-1.8379,-13.9486,-7.2819,-8.2027,-11.5680,-15.3235,-16.1087,-14.5370,-9.9776,-5.3197,-0.1817,-13.3466,-13.4202
72,C,P,P,72,1.0018,-9.5544,-18.0885,-14.3608,-13.5557,-16.4719,-11.6613,-16.7711,-17.1510,-16.1610,-15.8965,-18.6664,-19.3809,-0.0002,-17.1139,-13.3440,-9.3975,-13.3213,-14.4266,-18.0516,-20.9926
74,C,N,A,74,5.4603,-1.2192,-9.2408,-2.8907,-2.5177,-7.7944,-2.5063,-8.8908,-8.5500,-6.8471,-7.0003,-9.1649,-8.0954,-6.2582,-6.3254,-4.8410,-1.2744,-6.5110,-1.6573,-8.6065,-11.9883
75,C,R,R,75,1.0112,-10.5867,-9.5643,-11.8140,-11.0566,-13.6285,-8.2898,-9.6859,-12.2230,-8.7156,-11.3417,-12.4964,-10.4634,-11.4135,-8.4478,-0.0011,-8.8457,-10.7632,-12.2510,-9.7332,-11.9087
76,C,V,F,76,1.0093,-16.7427,-13.7136,-19.1044,-18.0901,-0.0011,-19.2590,-16.5779,-7.2843,-20.7397,-8.3395,-12.9208,-18.3758,-22.1236,-18.0583,-20.9197,-19.4677,-17.7859,-9.0055,-14.5914,-11.8661
77,C,S,S,77,1.0099,-9.9752,-13.0934,-12.5955,-15.7486,-9.6096,-9.0884,-12.2178,-13.1346,-13.8602,-12.4685,-13.9072,-11.8339,-15.0832,-12.5059,-7.8548,-0.0011,-7.8219,-14.0638,-11.9489,-13.7392
78,C,G,G,78,1.0002,-11.6575,-15.5216,-17.0960,-19.2199,-14.3680,-0.0000,-17.3692,-16.0321,-16.6703,-15.3424,-16.3451,-16.6544,-19.4544,-18.4497,-14.2807,-13.6801,-17.3384,-16.2672,-15.8168,-17.1499
79,C,S,S,79,1.0147,-9.3386,-13.5414,-12.0863,-15.1077,-11.5585,-7.4056,-13.2930,-16.1884,-13.4387,-13.6777,-14.1015,-12.1368,-14.9481,-13.8919,-6.9914,-0.0017,-10.1151,-16.5489,-10.6123,-12.0703
80,C,K,K,80,1.2041,-10.3791,-14.1961,-12.5166,-11.0336,-9.3209,-11.6534,-10.6797,-5.5773,-0.0369,-6.1851,-9.3755,-8.2318,-13.9141,-9.1118,-3.5554,-8.2301,-7.2466,-8.8652,-10.9193,-10.9181
81,C,E,D,81,1.1080,-9.9443,-11.7016,-0.0158,-8.3630,-7.8667,-12.8733,-6.4221,-9.0017,-12.7262,-9.1872,-13.4661,-5.1194,-13.1005,-9.8170,-10.6690,-5.0461,-9.6953,-10.1542,-9.6156,-7.7176
82,C,T,S,82,3.6284,-2.7011,-11.3261,-5.2330,-6.5931,-8.6393,-5.8871,-10.6608,-3.5454,-2.3451,-7.5842,-7.9873,-4.8677,-6.5482,-8.6243,-3.9137,-0.4805,-1.9103,-6.3317,-9.8130,-10.3669
83,C,S,S,83,1.1730,-3.9668,-11.9972,-5.9389,-10.2291,-8.4908,-6.1455,-9.5136,-8.9887,-9.7056,-10.4009,-11.1589,-6.4802,-10.9933,-12.2465,-7.9717,-0.0280,-6.8613,-9.3294,-9.9516,-8.3618
84,C,S,T,84,3.0938,-1.3166,-10.8049,-5.9335,-6.7586,-9.9078,-7.4944,-11.6576,-7.1722,-8.7148,-8.1423,-7.6359,-8.6123,-12.5605,-8.5324,-7.4602,-1.3388,-0.7780,-5.7066,-14.1679,-12.6454
85,C,N,N,85,1.0047,-12.4529,-14.9119,-10.4636,-15.1909,-16.3013,-11.2181,-12.7491,-14.7130,-10.4985,-14.7423,-14.2329,-0.0005,-17.3142,-12.8369,-11.6969,-7.8477,-11.0949,-15.8958,-15.2670,-15.4639
86,C,T,T,86,1.0538,-7.5352,-11.2340,-12.4824,-9.7752,-14.8170,-12.9928,-11.8727,-7.6533,-10.8968,-9.6283,-7.6744,-10.5957,-18.4215,-6.1546,-8.3301,-5.9399,-0.0069,-8.5537,-15.7660,-14.2744
87,C,A,A,87,1.3806,-0.0984,-8.5501,-13.8126,-13.5645,-11.5079,-2.3879,-11.8668,-11.9722,-14.5053,-7.7386,-10.0461,-13.5650,-15.6720,-11.8646,-11.7808,-10.4555,-12.4518,-6.7919,-14.1500,-11.1899
88,C,F,Y,88,2.4999,-9.4815,-9.4869,-10.2144,-11.0885,-0.9089,-12.4585,-4.6280,-4.5095,-10.9066,-6.1349,-6.8578,-5.8136,-17.3185,-9.6734,-8.7625,-5.8831,-5.5098,-5.5349,-5.3508,-0.5905
89,C,L,L,89,1.0007,-18.5284,-15.7502,-19.8911,-16.5949,-13.1620,-19.2020,-16.0578,-13.1076,-17.3106,-0.0001,-9.7693,-16.3797,-22.9445,-13.3549,-18.5931,-17.5617,-19.5903,-13.9149,-18.7318,-19.0031
90,C,L,T,90,4.4316,-6.9825,-7.9568,-7.5059,-4.2317,-4.5167,-6.3145,-4.3995,-1.0172,-5.7524,-3.6144,-3.5679,-4.5926,-16.7689,-2.7968,-6.2707,-5.1775,-0.8243,-4.0408,-6.5661,-5.9915
91,C,I,I,91,1.1381,-13.8988,-13.2480,-19.5954,-17.1587,-10.6148,-16.5142,-16.5962,-0.0257,-19.0311,-5.8556,-7.9582,-18.5996,-19.9645,-17.2425,-19.8561,-18.4889,-14.7636,-3.8098,-15.6369,-19.0608
92,C,S,S,92,2.1876,-6.7145,-10.4973,-5.5928,-6.8656,-8.5184,-5.2512,-4.1401,-10.2879,-5.7040,-8.9418,-10.3430,-1.7852,-8.8486,-6.5485,-4.2169,-0.2584,-4.4125,-11.2806,-9.8364,-7.4562
93,C,G,G,93,1.1996,-8.0092,-10.3519,-4.6639,-8.8823,-13.6736,-0.0328,-11.2924,-14.3288,-12.3072,-13.0468,-14.0004,-5.5998,-14.4014,-11.9118,-6.2851,-4.0928,-9.8223,-11.2428,-11.1696,-12.4540
94,C,L,L,94,1.0043,-8.7943,-11.5622,-15.4309,-14.9828,-12.5461,-13.0719,-15.2358,-11.0957,-18.9068,-0.0004,-9.3431,-14.9039,-15.1958,-15.8269,-17.2984,-12.4808,-11.5167,-8.9411,-18.6244,-18.9182
95,C,Q,Q,95,1.3364,-9.9128,-15.1898,-7.9036,-3.0861,-14.1105,-10.4048,-5.8514,-12.6276,-6.8776,-8.2254,-9.8011,-11.1630,-15.9274,-0.0654,-4.3550,-12.9335,-11.5283,-9.7169,-10.1113,-12.8753
96,C,P,S,96,2.4977,-2.6788,-6.6450,-10.8599,-11.4015,-6.3876,-5.6743,-9.4323,-7.6074,-13.4190,-7.2965,-8.0761,-9.7374,-2.3072,-10.7594,-7.8183,-0.2816,-3.9207,-3.0550,-6.7996,-7.3044
97,C,E,E,97,1.2213,-9.1690,-14.6440,-3.0380,-0.0499,-13.3706,-8.5285,-11.9423,-11.1103,-13.4756,-12.6767,-9.4238,-11.6132,-13.8121,-10.1522,-14.6032,-12.3197,-13.3645,-8.0936,-14.6833,-13.7640
98,C,D,D,98,1.0005,-15.8444,-17.4591,-0.0000,-10.4994,-15.2119,-16.4552,-11.1299,-19.0550,-22.4930,-19.0475,-17.0324,-12.7195,-21.8511,-17.8570,-23.1241,-18.0765,-19.0785,-16.3548,-19.7844,-15.6827
99,C,E,E,99,1.1814,-5.6120,-13.8853,-3.8707,-0.0311,-10.8711,-5.3390,-12.8903,-15.9215,-14.6708,-14.5149,-12.1132,-13.3025,-15.1329,-9.5189,-14.3237,-6.8917,-8.5566,-15.3960,-14.2925,-14.9399
100,C,A,A,100,1.0021,-0.0002,-12.9113,-13.9858,-16.9052,-18.2406,-12.4971,-18.4964,-20.4821,-21.6197,-21.0737,-18.0537,-15.0979,-20.3866,-19.9001,-19.6218,-8.5067,-13.1522,-15.8804,-22.8396,-20.0735
101,C,D,D,101,1.5643,-4.0112,-7.6496,-0.0832,-4.1413,-8.0151,-5.7899,-5.5666,-7.4852,-9.6800,-6.8323,-5.1136,-4.0075,-13.3585,-5.6254,-7.7309,-5.4750,-6.8790,-5.8428,-10.8906,-10.0518
102,C,Y,Y,102,1.0112,-14.5636,-10.2175,-14.3461,-16.8600,-6.6991,-16.1567,-9.2468,-14.2950,-15.1969,-12.8209,-15.3056,-11.9355,-17.5836,-14.7337,-13.0488,-12.3277,-14.9799,-14.3474,-13.5067,-0.0014
103,C,Y,Y,103,1.1154,-12.7790,-10.0389,-10.7969,-13.4964,-4.2132,-14.3300,-5.3448,-13.0345,-15.0575,-12.5704,-13.6460,-10.7233,-19.1125,-10.7988,-11.3761,-11.0394,-12.7443,-12.2492,-11.5165,-0.0199
104,C,C,C,104,1.0011,-10.1052,-0.0001,-14.2464,-17.7990,-13.3362,-10.7327,-12.8804,-17.3953,-20.5758,-14.6027,-16.0357,-13.8606,-14.4280,-14.1563,-16.0552,-10.6981,-14.5036,-15.3495,-13.8925,-15.6084
105,C,Q,M,105,2.2370,-5.0498,-3.0620,-11.6067,-5.9994,-6.7090,-7.3832,-6.1770,-8.9238,-7.9916,-3.0478,-0.2047,-6.1290,-19.7846,-2.9138,-8.6338,-5.2808,-4.2980,-6.2555,-8.1541,-9.3338
106,C,V,V,106,1.2980,-9.0897,-11.2618,-15.4042,-14.7841,-11.2339,-16.8661,-13.8665,-2.8337,-20.0000,-11.4471,-9.6261,-12.9297,-19.8307,-13.4220,-17.4067,-11.9684,-5.1736,-0.0669,-13.3817,-11.5335
107,C,Y,W,107,1.0141,-12.4139,-11.7146,-9.9331,-10.8351,-7.4138,-11.6851,-10.0709,-12.9869,-13.1033,-10.1080,-12.6145,-11.9442,-13.3386,-12.4115,-10.3537,-10.1656,-12.7605,-11.3456,-0.0016,-7.2703
108,C,D,S,108,8.9984,-1.9281,-6.9785,-2.1936,-5.7776,-4.7820,-4.0083,-2.0492,-6.7551,-5.9177,-3.7141,-3.6740,-3.4775,-7.3411,-5.3316,-4.2619,-1.2212,-3.2559,-4.5117,-3.8317,-2.1758
109,C,N,S,109,2.7179,-5.5738,-9.3081,-5.8492,-7.6251,-7.0476,-5.7019,-7.1505,-5.1533,-5.6091,-6.1335,-8.0069,-2.7988,-9.9700,-8.2209,-3.0205,-0.3197,-2.0193,-6.0315,-7.4411,-5.6021
114,C,S,S,114,5.7363,-3.7790,-8.2338,-4.3740,-6.3588,-3.7931,-4.8843,-3.0060,-6.3472,-8.3279,-2.9335,-6.0103,-1.3451,-8.0373,-5.4886,-4.4821,-0.8392,-3.2329,-7.1072,-5.3540,-2.6313
115,C,A,N,115,5.3485,-4.6171,-8.3326,-3.8069,-4.2352,-5.9621,-6.6185,-4.0595,-4.1820,-2.7048,-3.0202,-4.9253,-0.7724,-11.8592,-4.3820,-1.2995,-3.5636,-4.5406,-6.1435,-6.2172,-5.6301
116,C,R,R,116,6.4749,-4.6589,-5.5363,-5.7479,-5.7233,-4.3500,-6.0506,-5.3086,-3.4968,-4.8663,-3.3432,-5.2905,-4.7075,-10.2589,-4.7884,-0.9669,-4.0140,-6.0753,-1.8744,-1.5452,-2.3350
117,C,V,V,117,1.0811,-10.1405,-11.3613,-14.7309,-11.9181,-14.2437,-12.6172,-13.8099,-4.2526,-13.1919,-8.9849,-9.1229,-13.4895,-17.8653,-13.2952,-12.2952,-13.0319,-12.7901,-0.0146,-14.3469,-14.6406
118,C,F,F,118,1.0036,-14.7476,-13.4505,-16.2907,-17.2929,-0.0003,-14.3306,-12.7722,-11.5445,-15.9807,-8.9603,-11.2785,-14.5105,-16.1143,-15.0808,-16.3723,-12.5231,-12.3757,-10.1952,-10.8096,-9.0330
119,C,G,G,119,1.0014,-9.3590,-13.7860,-11.6582,-14.5761,-17.2103,-0.0001,-17.6253,-17.7397,-17.8304,-16.0882,-16.8606,-16.6466,-19.2080,-17.0691,-16.3132,-10.3779,-14.5720,-13.9355,-17.1430,-18.2431
120,C,G,G,120,1.0163,-7.8997,-12.8449,-11.8678,-11.0752,-14.9342,-0.0018,-12.1467,-13.2312,-12.1143,-10.6165,-12.6343,-11.8246,-10.6816,-7.0731,-10.9457,-8.9984,-7.9041,-11.4871,-15.8611,-14.8280
121,C,G,G,121,1.0001,-11.7981,-18.4799,-16.8078,-15.3469,-19.8180,-0.0000,-18.9777,-19.5812,-15.8712,-17.0113,-19.4500,-17.4950,-18.6188,-16.2909,-13.8481,-15.2988,-14.5942,-16.2566,-17.8066,-19.4183
122,C,T,T,122,1.0071,-8.8211,-12.8349,-16.8154,-15.3508,-17.3273,-14.7858,-17.5964,-11.3118,-15.7668,-16.4269,-14.0855,-11.8173,-18.1646,-16.5892,-15.4820,-7.6841,-0.0008,-8.9121,-17.8602,-17.4458
123,C,R,K,123,1.6912,-8.1243,-11.2796,-7.5982,-4.7033,-9.1984,-9.6002,-5.0601,-10.0451,-0.1191,-7.1879,-6.0440,-5.3115,-11.9883,-3.3648,-3.0211,-8.0436,-5.5867,-8.4664,-9.5260,-9.1795
124,C,L,L,124,1.0020,-16.2879,-17.8279,-21.6676,-18.4813,-11.0120,-18.1325,-15.9658,-15.7733,-18.3459,-0.0002,-9.7046,-20.3805,-21.1028,-16.7855,-17.6952,-20.9454,-18.1864,-9.1027,-15.0589,-19.0932
125,C,T,T,125,1.0681,-7.3676,-9.6313,-12.2215,-6.9686,-11.6298,-10.5621,-10.9858,-5.8223,-8.8331,-9.8365,-9.7375,-9.2516,-14.5547,-8.0107,-10.5100,-6.8524,-0.0088,-6.0754,-13.3543,-13.2547
126,C,V,V,126,1.0122,-13.2334,-14.7368,-20.9001,-15.9904,-15.5029,-15.4026,-19.1682,-6.4503,-18.4081,-11.0430,-12.7953,-19.3678,-17.4686,-16.3962,-16.4288,-17.1384,-11.6352,-0.0016,-16.7662,-18.4830
127,C,L,L,127,1.0125,-12.1843,-12.9871,-13.7842,-12.7626,-10.8460,-14.8031,-12.8944,-8.2222,-10.1711,-0.0014,-8.1461,-13.4867,-14.5905,-11.9790,-11.1250,-11.0756,-13.4663,-7.2382,-13.2540,-13.8719
128,C,G,G,128,1.3685,-5.3563,-9.4470,-8.1092,-6.8423,-11.1241,-0.0600,-8.7854,-7.9793,-6.8944,-9.3158,-9.9500,-7.6425,-12.9131,-7.2335,-3.9003,-3.7671,-5.4776,-6.4559,-9.8041,-10.1915
